i3en.24xlarge, SUSE Linux
r5dn.2xlarge, Linux/UNIX
r5.2xlarge, Linux/UNIX
c1.xlarge, SUSE Linux
r5.4xlarge, Red Hat Enterprise Linux
g4dn.8xlarge, SUSE Linux
r4.xlarge, Linux/UNIX
m5.8xlarge, Linux/UNIX
r5d.metal, Linux/UNIX
r5.4xlarge, SUSE Linux
r3.8xlarge, Red Hat Enterprise Linux
r5.4xlarge, Linux/UNIX
t2.small, Linux/UNIX
r5.4xlarge, Red Hat Enterprise Linux
m4.16xlarge, Red Hat Enterprise Linux
r5.2xlarge, Red Hat Enterprise Linux
m5.8xlarge, SUSE Linux
r3.8xlarge, Linux/UNIX
r5.4xlarge, Windows
r3.8xlarge, SUSE Linux
r5.4xlarge, Windows
r5.4xlarge, Linux/UNIX
r5.4xlarge, SUSE Linux
r5.4xlarge, Linux/UNIX
r5.4xlarge, Linux/UNIX
r5.4xlarge, Red Hat Enterprise Linux
m4.16xlarge, Red Hat Enterprise Linux
r3.8xlarge, Linux/UNIX
r5.4xlarge, SUSE Linux
g3.8xlarge, Red Hat Enterprise Linux
r5.4xlarge, Linux/UNIX
r5.4xlarge, Windows
r5.4xlarge, Windows
r5dn.xlarge, Linux/UNIX
m5ad.large, Linux/UNIX
r5.4xlarge, Red Hat Enterprise Linux
r5.4xlarge, Linux/UNIX
r5.4xlarge, Windows
g3.8xlarge, Red Hat Enterprise Linux
r5.4xlarge, Linux/UNIX
i3.16xlarge, SUSE Linux
c4.4xlarge, Red Hat Enterprise Linux
m5.8xlarge, Linux/UNIX
g3.8xlarge, Red Hat Enterprise Linux
r5n.12xlarge, Red Hat Enterprise Linux
r5.4xlarge, Linux/UNIX
r5.4xlarge, Windows
r5.4xlarge, Windows
r5.4xlarge, Linux/UNIX
r5.4xlarge, Linux/UNIX
r5.4xlarge, Linux/UNIX
r5.4xlarge, Linux/UNIX
r5.4xlarge, Linux/UNIX
r5.4xlarge, Linux/UNIX
r5.4xlarge, Linux/UNIX
m5.8xlarge, Linux/UNIX
r5.4xlarge, Linux/UNIX
r5.4xlarge, Linux/UNIX
r5.4xlarge, Linux/UNIX
r5.4xlarge, Linux/UNIX
r5.4xlarge, Linux/UNIX
r5.4xlarge, Linux/UNIX
r5.4xlarge, Linux/UNIX
t2.micro, Linux/UNIX
r5.4xlarge, Linux/UNIX
t2.micro, Linux/UNIX
t2.micro, Linux/UNIX
t2.micro, Linux/UNIX
r4.xlarge, Linux/UNIX
c4.4xlarge, Linux/UNIX
t2.micro, Linux/UNIX
t2.micro, Linux/UNIX
t2.micro, Linux/UNIX
t2.micro, Linux/UNIX
t2.micro, Linux/UNIX
t2.micro, Linux/UNIX
t2.micro, Linux/UNIX
t2.micro, Linux/UNIX
t2.micro, Linux/UNIX
t2.micro, Linux/UNIX
t2.micro, Linux/UNIX
t2.micro, Linux/UNIX
t2.micro, Linux/UNIX
t2.micro, Linux/UNIX
r5.4xlarge, Linux/UNIX
t2.micro, Linux/UNIX
t2.micro, Linux/UNIX
r5.4xlarge, Linux/UNIX
t2.micro, Linux/UNIX
t2.micro, Linux/UNIX
t2.micro, Linux/UNIX
t2.micro, Linux/UNIX
t2.micro, Linux/UNIX
t2.micro, Linux/UNIX
t2.micro, Linux/UNIX
t2.micro, Linux/UNIX
r5.4xlarge, Linux/UNIX
r5.4xlarge, Linux/UNIX
r5.4xlarge, Linux/UNIX
t2.micro, Linux/UNIX
t2.micro, Linux/UNIX
t3.micro, Windows
t2.micro, Linux/UNIX
t2.micro, Linux/UNIX
t2.micro, Linux/UNIX
t2.micro, Linux/UNIX
r5.4xlarge, Linux/UNIX
r5.4xlarge, Linux/UNIX
r5.4xlarge, Linux/UNIX
r5.4xlarge, Linux/UNIX
t2.micro, Linux/UNIX
t2.micro, Linux/UNIX
t2.micro, Linux/UNIX
t3.micro, Linux/UNIX
t2.micro, SUSE Linux
t2.micro, Linux/UNIX
t2.micro, SUSE Linux
t2.micro, Red Hat Enterprise Linux
t2.micro, SUSE Linux
t2.micro, Red Hat Enterprise Linux
r5.4xlarge, Windows
